<?xml version="1.0" encoding="UTF-8"?>
<hibernate-configuration>
	<session-factory>
		<property name="connection.driver_class">
			oracle.jdbc.driver.OracleDriver
		</property>
		<property name="connection.url">
			jdbc:oracle:thin:@localhost:1521:ankurdb
		</property>
		<property name="connection.username">
			ankur
		</property>
		<property name="connection.password">
			ankur
		</property>
		<property name="show_sql">
			true
		</property>
		<mapping resource="Employee.hbm.xml" />
	</session-factory>
</hibernate-configuration>